<?xml version="1.0" encoding="UTF-8"?>
<project-private xmlns="http://www.netbeans.org/ns/project-private/1">
    <editor-bookmarks xmlns="http://www.netbeans.org/ns/editor-bookmarks/2" lastBookmarkId="0"/>
    <open-files xmlns="http://www.netbeans.org/ns/projectui-open-files/2">
        <group>
            <file>file:/home/peter/NetBeansProjects/MongoDBApplication/src/classes/Cliente.java</file>
            <file>file:/home/peter/NetBeansProjects/MongoDBApplication/src/principal/formReceita.java</file>
            <file>file:/home/peter/NetBeansProjects/MongoDBApplication/src/classes/conexao.java</file>
            <file>file:/home/peter/NetBeansProjects/MongoDBApplication/src/classes/Receita.java</file>
            <file>file:/home/peter/NetBeansProjects/MongoDBApplication/src/classes/Venda.java</file>
        </group>
    </open-files>
</project-private>
